name, email, phone, created_at
Sam Coury, christine1998@yahoo.com, 772-267-3636, 2021-02-02
Chris Ellis, ellis@yahoo.com, 270-562-2304, 2020-03-03
Cameron Finley, cameron@rediff.com, 813-416-4979, 2019-01-05
Howard Schlueter, schlueter@gmail.com, 828-207-1592, 2018-05-02
Jordan Tafoya, annabell2001@hotmail.com, 512-596-3622, 2017-05-11
Sam Courye, christine19e98@yahoo.com, 772e-267-3636, 2022-02-02
Chriss Ellis, ellsis@yahoo.com, 270-562-s2304, 2s020-03-03
Camseron Finley, csameron@rediff.com, 813-4s16-4979, 20s19-01-05
Hsoward Schlueter, scshlueter@gmail.com, 828s-207-1592, 2018-s05-02
Jordan Tasfoya, annsabell2001@hotmail.com, 512s-596-3622, 2s017-05-11